path,bytes,width,height,sha256,category,rights_status
referensi/assets/fonts/fontawesome-webfont.svg,447050,,,fc378232f9dad500890aa9e0bdd030a53d2f317d517393a3b91400b4ddce4c7c,font_or_vector,unverified
referensi/assets/fonts/icomoon.eot,29804,,,02bdf22652805d8fb605a338a5c9f520db5c4c6a65a1dc9abaf32230904f09ad,font_or_vector,unverified
referensi/assets/fonts/icomoon.svg,122307,,,e19e541a5827ad8fc68e8fb2264714459fe5f46f2331da45b0bc0fdfcc969b41,font_or_vector,unverified
referensi/assets/fonts/icomoon.ttf,29640,,,47882abb67ea42704e2620ebd24c728cfb84a4a1d3a954e8280f07683f344f17,font_or_vector,unverified
referensi/assets/fonts/icomoon.woff,29716,,,f02e82b580d4d5f90959c55172571ae43a1531d1bfac85494035849937598dca,font_or_vector,unverified
referensi/assets/images/about_bg.png,2471815,1920,670,147ba380fcaf7a70899de2578a899b5121ffb59aac299d9c2ac99198f4479862,image_reference,unverified
referensi/assets/images/about_img.jpg,31176,845,600,ad08fe2fa6f6c69b33eb9800b8d1fc53e7dcf5bd325d48ea44aab26cd76545f1,image_reference,unverified
referensi/assets/images/archive-img-1.jpg,12328,570,260,6a747e1ff37b747fad4485a19aae6f614af61994e42196051fd1183f32a2dd9f,image_reference,unverified
referensi/assets/images/archive-img-2.jpg,8594,270,260,59f660bbf01affd2f231bb8b0c2aa126dc85f2ec604b466e6fe5cb8feefd0a1c,image_reference,unverified
referensi/assets/images/archive-img-3.jpg,8112,270,260,8287162301de892a5dabcb3f3699ec278748973f4e09e3b379e6964dd1e0e380,image_reference,unverified
referensi/assets/images/arrow-green.png,149,10,6,2c986d5dec84b098dfe39b4adaa2037c08553b68f67680d943c7114f95fd5006,image_reference,unverified
referensi/assets/images/avatar/avatar_1.jpg,14985,400,400,c6867a5b4d6e09e2f70826ece42358d4912af363ef5e5997dcdf4ecdce952d45,image_reference,unverified
referensi/assets/images/avatar/avatar_10.jpg,9235,400,400,07c459d83d34be64915545972212ff4cb58f0e3d69db34687f01b5e59802c169,image_reference,unverified
referensi/assets/images/avatar/avatar_11.jpg,10171,400,400,7d5f03d1910a728766f84a52d027d4d58a555bef2f6533c389451d22dcf5f731,image_reference,unverified
referensi/assets/images/avatar/avatar_2.jpg,11827,400,400,0d9429aa485d6d3db8933ef1dd84a63b205fb330300257381ac349636ccd1b7a,image_reference,unverified
referensi/assets/images/avatar/avatar_3.jpg,9385,400,400,448b8de41e79f012e9781f0f2e90d637524901dc4884e51443990ec81cc98a4e,image_reference,unverified
referensi/assets/images/avatar/avatar_4.jpg,13270,400,400,a9a773873a31f748b8c0ed906b75ba86937345fc5fdc3339ff6ab10881dc0876,image_reference,unverified
referensi/assets/images/avatar/avatar_5.jpg,11990,400,400,f2f404c5c15e022474761489b4c8970f4ac37ff16d85b089a6e805ccec0140e8,image_reference,unverified
referensi/assets/images/avatar/avatar_6.jpg,20680,400,400,4e3e49b0fa3e6a6ce97b1f7537588b3791fdd495b08ea5810395e5f53c613055,image_reference,unverified
referensi/assets/images/avatar/avatar_7.jpg,8840,400,400,4e5fb7170677f70f5297bafddb3a8c07615fba518b636ef3dba40be9514430d0,image_reference,unverified
referensi/assets/images/avatar/avatar_8.jpg,10871,400,400,bb5710e366da22cb438f4537f6567bb28f1740a27e3dbeeeef7f194bbbd0c054,image_reference,unverified
referensi/assets/images/avatar/avatar_9.jpg,8436,400,400,23becf36658521711e8785e49596a4c9a6078f27d415b279a8c8f5789ba2a1a5,image_reference,unverified
referensi/assets/images/avatar-background.png,654,94,64,35852117e07b4a725c01f8e03e0b0c228923bea218466f703d5b1140c8f5009d,image_reference,unverified
referensi/assets/images/call-to-action-icon.png,2605,106,110,6d6e34d965bdbcec8434a0cd1a5d3daf462366d4cede53e0aa32e614597da955,image_reference,unverified
referensi/assets/images/call-to-action-img.jpg,13192,340,406,b077ba4c6f769a3ebe1f51bd049d29396e149893fc16bf969e373e9701422555,image_reference,unverified
referensi/assets/images/causes/causes_1.jpg,16398,370,270,b19d532df3850193193dc49600b83cac5ee3370d2c208d275ba1eda2381d4ec3,image_reference,unverified
referensi/assets/images/causes/causes_10.jpg,13376,370,300,f0f0301cd35efc65fce5b3207a7a9fc3569b44a11d4a1fb11f815dc6e2f47eef,image_reference,unverified
referensi/assets/images/causes/causes_11.jpg,14204,370,240,20d7f10676090065fd8f09680e9acc11f9038a27dea7c2bb1967f5b5d81cec24,image_reference,unverified
referensi/assets/images/causes/causes_12.jpg,13460,370,240,3f11439a398b84723f2ee6739022974b7016f26e99e6472ce45c406cfc5e75d2,image_reference,unverified
referensi/assets/images/causes/causes_2.jpg,15464,370,270,4efb62f6ce70fcd834d180a1f1ff1a6317e4ccf41b77440768fb9ef9749775f7,image_reference,unverified
referensi/assets/images/causes/causes_3.jpg,17386,370,270,cd47116c1e0a2e687795fe944cba2a5e6a903e6f7c42807401cdc5d1255e1223,image_reference,unverified
referensi/assets/images/causes/causes_4.jpg,13091,370,240,d11fd43e80ef338404b14bd75a0bd260343403dd50f0e49394eae60a2029089e,image_reference,unverified
referensi/assets/images/causes/causes_4.png,163049,370,240,9b63449d3eff018e480fa7a609ec274599bcf9c8c94765054233731225d41388,image_reference,unverified
referensi/assets/images/causes/causes_5.jpg,13504,370,240,556bb315fbce07558fd9788a24b8aedbba794b7673c7ad3f79ab5935c53d9edc,image_reference,unverified
referensi/assets/images/causes/causes_6.jpg,14732,370,240,f712d897e5613d871ac4b6111f4973f2e90609234ef55de481950673790ac97c,image_reference,unverified
referensi/assets/images/causes/causes_7.jpg,13850,370,240,67a7eee4879eaf109a669eb02b206f0936336c40068f62793f51e77cbc4dd720,image_reference,unverified
referensi/assets/images/causes/causes_8.jpg,12717,370,240,f5f6b55fc5f3c1199fb5efc41b994c60550af4f1766b7a0527f1402753f4ae4a,image_reference,unverified
referensi/assets/images/causes/causes_9.jpg,19038,370,300,dd05c4280f5c38cc7037e342a280d5ee6451c8fa58bf9bdb7cc5a137b97d4f50,image_reference,unverified
referensi/assets/images/charity_footer.png,4485,322,82,e8330c507240d114f3cddcaa4d1c3ef7b556b3efdab793b15f16f1653467524e,image_reference,unverified
referensi/assets/images/contact_bg.png,2514989,1920,662,ad34c29314882eba4991027e4136fab75dcd8af6a6ae5b8b345edd8441e57bcc,image_reference,unverified
referensi/assets/images/donation_error.png,155515,2401,2401,4f1de2b8efcf13dad9dea07186f8b67d3b089375f8c889515ac3ba51468cbf56,image_reference,unverified
referensi/assets/images/footer_logo.png,2064,161,41,2f5fb5475916e4e05f44c58c2944feec0319e67ac9c8e1980e543b0b2d59910b,image_reference,unverified
referensi/assets/images/logo-bg.png,454,200,147,aa7a9f965a998d1ce5e019ae8b86f41f5e60d107602aae32d1de300c915a6f59,image_reference,unverified
referensi/assets/images/logo.png,3775,150,77,4f6e67dca2c64cecc9ba599e5fc2d74ed815140d680bdc1123672d073f3ed2e0,image_reference,unverified
referensi/assets/images/map.png,25301,1920,750,a8e68437f2dd42704823c338f10d66c677adc141faa2e131ba80cdbff1a5d4d5,image_reference,unverified
referensi/assets/images/map_green.png,39701,833,441,e3bc90398e35532af036e83b81d329794da8f527aab9bc8dd1a302cdb7a85350,image_reference,unverified
referensi/assets/images/massage_icon.png,238,17,13,d87576ca3052667c90fef7a2d0dfbf52207d3482767cc0e502c53e8e75cc51b7,image_reference,unverified
referensi/assets/images/massage_icon_gray.png,238,17,13,d6f2dccde889534c5f898b3892e0bc918eaf48b5fa20bf0126fa8be011867e39,image_reference,unverified
referensi/assets/images/news_feeds_1.jpg,1831,80,70,c14b29f83ef7f54fc22d5d2875bd0cd0e6ce3ee67a58b33477c451c40a8c31d9,image_reference,unverified
referensi/assets/images/news_feeds_2.jpg,1792,80,70,129aa7d1a42dfeaef4bc17e9e128927e4fa0c00887e0d2fe5a20b96b85c218fe,image_reference,unverified
referensi/assets/images/option_arrow.png,156,10,6,28682ec78b2423614e4df0d23c3b44299b2c416a58a51d942cf01180877c5a40,image_reference,unverified
referensi/assets/images/search-icon.png,442,20,20,e5bb7a7acfcb75ea799c8b794323bed2b5b795007eba68dd0ecd9ba53961f6ce,image_reference,unverified
referensi/assets/images/side_add_baner.jpg,14754,340,406,fca2278f7673dfe72bc3437bf5c847c260e15ac67754895e7fd94d7434a1bf71,image_reference,unverified
referensi/assets/images/slide1.png,4162904,1920,1051,bf2aeacc64df6cceee41230327a8ed7fe0243ac1ddc825ff78d6a30e736be5fe,image_reference,unverified
referensi/assets/images/slide2.png,3914492,1920,1051,ac245285ffa298ddcd7c21d124a333500c0b03626e90d1c7ab77be0baed06703,image_reference,unverified
referensi/assets/images/slide3.png,3450167,1920,1051,4a8fe2aac06ea2fe2b3b65514cb2cc41e9b5eae5cd3b5abcc162062189930b70,image_reference,unverified
referensi/assets/images/success_donation.png,255906,2401,2401,62f6bf33258970cc9b1022e30694ddb5670355cf09e001ac2d9762ca8b76e0d0,image_reference,unverified
referensi/assets/images/upload_icon.png,246,18,13,5798c23ab2c7bb19b95220487de0e32e787ae22d0d75c8ede99916692a56ff05,image_reference,unverified
referensi/assets/images/upload_icon_gray.png,246,18,13,09ec24d514d9af0c28e78bbe3b2e1e4572d1ea260fa21b11650b09e7af7e56f4,image_reference,unverified
referensi/assets/images/video_img.jpg,18597,770,420,d3634d6052567a1f5c5b75840b8d4985df9bd36b870296d8d5b23df15b157a88,image_reference,unverified
referensi/assets/images/volunteer.png,257353,562,686,8df06f1e3944c7b5bd5db4ae95371ad3e94fbf5367d7864b6b6bbe207c763278,image_reference,unverified
referensi/assets/images/welcome-text-1.png,56398,496,190,0ffcc17340676dfe0839b41b3fe32f6cc8e9fb79abeb6180452ed24395f7b2f4,image_reference,unverified
