html_file,missing_local_reference
referensi/about.html,apple-touch-icon.png
referensi/about.html,assets/images/backgrounds/parallax_1.jpg
referensi/about.html,favicon.ico
referensi/contact.html,apple-touch-icon.png
referensi/contact.html,favicon.ico
referensi/donate-now.html,apple-touch-icon.png
referensi/donate-now.html,assets/images/backgrounds/about_bg.jpg
referensi/donate-now.html,assets/images/family.jpg
referensi/donate-now.html,blog-single.html
referensi/donate-now.html,blog.html
referensi/donate-now.html,causes.html
referensi/donate-now.html,event-single.html
referensi/donate-now.html,event.html
referensi/donate-now.html,faq.html
referensi/donate-now.html,favicon.ico
referensi/donate-now.html,index-v2.html
referensi/donate-now.html,index-v3.html
referensi/donate-now.html,mission.html
referensi/donate-now.html,portfolio.html
referensi/donate-now.html,pricing.html
referensi/donate-now.html,service.html
referensi/donate-now.html,team.html
referensi/donate-now.html,volunteer.html
referensi/failure.html,apple-touch-icon.png
referensi/failure.html,favicon.ico
referensi/index.html,apple-touch-icon.png
referensi/index.html,favicon.ico
referensi/success.html,apple-touch-icon.png
referensi/success.html,favicon.ico
